[
  {
    "name": "EITCHA! (Escola Itinerante de Tecnologia Cidadã Hacker)",
    "ciudad": "Porto Alegre",
    "estado": "RS",
    "lat": -30.0324999,
    "lon": -51.2303767
  },
  {
    "name": "0xe Hacker Club",
    "ciudad": "Maceió",
    "estado": "AL",
    "lat": -9.6531308,
    "lon": -35.714862825469076
  },
  {
    "name": "ABA Fab Lab",
    "ciudad": "Recife",
    "estado": "PE",
    "lat": -8.0584933,
    "lon": -34.8848193
  },
  {
    "name": "ABC Makerspace",
    "ciudad": "São Bernardo do Campo",
    "estado": "SP",
    "lat": -23.7080345,
    "lon": -46.5506747
  },
  {
    "name": "Anima Lab - São Judas Unimonte",
    "ciudad": "Santos",
    "estado": "SP",
    "lat": -23.9335988,
    "lon": -46.3286399
  },
  {
    "name": "Anima Lab UniBH",
    "ciudad": "Belo Horizonte",
    "estado": "MG",
    "lat": -19.9227318,
    "lon": -43.9450948
  },
  {
    "name": "APT Data Dungeon",
    "ciudad": "João Pessoa",
    "estado": "PB",
    "lat": -7.1215981,
    "lon": -34.882028
  },
  {
    "name": "Área 31",
    "ciudad": "Belo Horizonte",
    "estado": "MG",
    "lat": -19.9227318,
    "lon": -43.9450948
  },
  {
    "name": "ATADOS",
    "ciudad": "Rio de Janeiro/São Paulo",
    "estado": "RJ/SP",
    "lat": -23.538045,
    "lon": -46.634754
  },
  {
    "name": "Baia Hacker",
    "ciudad": "Itu",
    "estado": "SP",
    "lat": -23.256099,
    "lon": -47.3056698
  },
  {
    "name": "Base 12",
    "ciudad": "Sorocaba",
    "estado": "SP",
    "lat": -23.515435,
    "lon": -47.443944
  },
  {
    "name": "BeeLab - Laboratório de Fabricação Digital do Parque Tecnológico Jataí",
    "ciudad": "Jataí",
    "estado": "GO",
    "lat": -17.8856178,
    "lon": -51.7202967
  },
  {
    "name": "Calango Hacker Clube",
    "ciudad": "Brasília",
    "estado": "DF",
    "lat": -15.7730236,
    "lon": -47.876045
  },
  {
    "name": "CASA COLETIVA",
    "ciudad": "Rio de Janeiro",
    "estado": "RJ",
    "lat": -22.9783136,
    "lon": -43.232949896076825
  },
  {
    "name": "CENTRO AFRO CARIOCA DE CINEMA",
    "ciudad": "Rio de Janeiro",
    "estado": "RJ",
    "lat": -22.9110137,
    "lon": -43.2093727
  },
  {
    "name": "Centro de Tecnologia Acadêmica do Instituto de Física (CTA IF)/UFRGS",
    "ciudad": "Porto Alegre",
    "estado": "RS",
    "lat": -30.0324999,
    "lon": -51.2303767
  },
  {
    "name": "Chapéu de Palha Hacker Club",
    "ciudad": "Araraquara",
    "estado": "SP",
    "lat": -21.7886713,
    "lon": -48.1773096
  },
  {
    "name": "CIDADE DEMOCRÁTICA",
    "ciudad": "São Paulo",
    "estado": "SP",
    "lat": -23.67379,
    "lon": -46.65681
  },
  {
    "name": "CITec - Centro de Integração Tecnológico",
    "ciudad": "Rio Grande",
    "estado": "RS",
    "lat": -32.0334252,
    "lon": -52.0991297
  },
  {
    "name": "CTC DIGITAL",
    "ciudad": "São Paulo",
    "estado": "SP",
    "lat": -23.5581817,
    "lon": -46.661538317230395
  },
  {
    "name": "Curitiba Fab Lab - Prefeitura Municipal",
    "ciudad": "Curitiba",
    "estado": "PR",
    "lat": -25.4295963,
    "lon": -49.2712724
  },
  {
    "name": "ECOMUSEU DE MANGUINHOS",
    "ciudad": "Rio de Janeiro",
    "estado": "RJ",
    "lat": -22.9110137,
    "lon": -43.2093727
  },
  {
    "name": "Empresa Júnior Antônio Paes de Carvalho (APC) BIOTECNOLOGIA",
    "ciudad": "Rio de Janeiro",
    "estado": "RJ",
    "lat": -22.9110137,
    "lon": -43.2093727
  },
  {
    "name": "ENACTUS UFRJ",
    "ciudad": "Rio de Janeiro",
    "estado": "RJ",
    "lat": -22.9110137,
    "lon": -43.2093727
  },
  {
    "name": "FAB LAB ARARAS",
    "ciudad": "Araras",
    "estado": "SP",
    "lat": -22.3569192,
    "lon": -47.3838766
  },
  {
    "name": "Fab Lab Casa Firjan",
    "ciudad": "Rio de Janeiro",
    "estado": "RJ",
    "lat": -22.9110137,
    "lon": -43.2093727
  },
  {
    "name": "FAB LAB CENTRO CULTURAL DA PENHA",
    "ciudad": "São Paulo",
    "estado": "SP",
    "lat": -23.5506507,
    "lon": -46.6333824
  },
  {
    "name": "FAB LAB CITEB",
    "ciudad": "Bauru",
    "estado": "SP",
    "lat": -22.3218102,
    "lon": -49.0705863
  },
  {
    "name": "Fab Lab da Firjan Jacarepaguá",
    "ciudad": "Rio de Janeiro",
    "estado": "RJ",
    "lat": -22.9531726,
    "lon": -43.3715825
  },
  {
    "name": "Fab Lab da Firjan SENAI Benfica",
    "ciudad": "Rio de Janeiro",
    "estado": "RJ",
    "lat": -22.9110137,
    "lon": -43.2093727
  },
  {
    "name": "Fab Lab da Firjan SENAI Campos",
    "ciudad": "Rio de Janeiro",
    "estado": "RJ",
    "lat": -22.9110137,
    "lon": -43.2093727
  },
  {
    "name": "Fab Lab da Indústria - SESI/SENAI/IEL CIC",
    "ciudad": "Curitiba",
    "estado": "PR",
    "lat": -25.4295963,
    "lon": -49.2712724
  },
  {
    "name": "Fab lab da Indústria- SESI SENAI IEL SJP",
    "ciudad": "São José dos Pinhais",
    "estado": "PR",
    "lat": -25.533816,
    "lon": -49.2072163
  },
  {
    "name": "FAB LAB ENIAC",
    "ciudad": "Guarulhos",
    "estado": "SP",
    "lat": -23.4675941,
    "lon": -46.5277704
  },
  {
    "name": "Fab Lab Escola SESI",
    "ciudad": "Taubaté",
    "estado": "SP",
    "lat": -23.031448,
    "lon": -45.5612792
  },
  {
    "name": "FAB LAB Escola SESI",
    "ciudad": "Araraquara",
    "estado": "SP",
    "lat": -21.7886713,
    "lon": -48.1773096
  },
  {
    "name": "Fab Lab Escola SESI",
    "ciudad": "Araras",
    "estado": "SP",
    "lat": -22.3569192,
    "lon": -47.3838766
  },
  {
    "name": "Fab Lab Escola SESI",
    "ciudad": "Bauru",
    "estado": "SP",
    "lat": -22.3218102,
    "lon": -49.0705863
  },
  {
    "name": "Fab Lab Escola SESI",
    "ciudad": "Botucatu",
    "estado": "SP",
    "lat": -22.8879628,
    "lon": -48.4410712
  },
  {
    "name": "Fab Lab Escola SESI",
    "ciudad": "Campinas",
    "estado": "SP",
    "lat": -22.9056391,
    "lon": -47.059564
  },
  {
    "name": "Fab Lab Escola SESI",
    "ciudad": "Franca",
    "estado": "SP",
    "lat": -20.5381768,
    "lon": -47.4009795
  },
  {
    "name": "Fab Lab Escola SESI",
    "ciudad": "Itu",
    "estado": "SP",
    "lat": -23.2637798,
    "lon": -47.2998462
  },
  {
    "name": "Fab Lab Escola SESI",
    "ciudad": "Jundiaí",
    "estado": "SP",
    "lat": -23.1887668,
    "lon": -46.884506
  },
  {
    "name": "Fab Lab Escola SESI",
    "ciudad": "Limeira",
    "estado": "SP",
    "lat": -22.5615068,
    "lon": -47.401766
  },
  {
    "name": "Fab Lab Escola SESI",
    "ciudad": "Marília",
    "estado": "SP",
    "lat": -22.2172002,
    "lon": -49.9500061
  },
  {
    "name": "Fab Lab Escola SESI",
    "ciudad": "Mauá",
    "estado": "SP",
    "lat": -23.6669527,
    "lon": -46.4616922
  },
  {
    "name": "Fab Lab Escola SESI",
    "ciudad": "Mogi das Cruzes",
    "estado": "SP",
    "lat": -23.5234284,
    "lon": -46.1926671
  },
  {
    "name": "Fab Lab Escola SESI",
    "ciudad": "Osasco",
    "estado": "SP",
    "lat": -23.5324859,
    "lon": -46.7916801
  },
  {
    "name": "Fab Lab Escola SESI",
    "ciudad": "Ourinhos",
    "estado": "SP",
    "lat": -22.9777918,
    "lon": -49.868204
  },
  {
    "name": "Fab Lab Escola SESI",
    "ciudad": "Presidente Prudente",
    "estado": "SP",
    "lat": -22.1225167,
    "lon": -51.3882528
  },
  {
    "name": "Fab Lab Escola SESI",
    "ciudad": "Ribeirão Preto",
    "estado": "SP",
    "lat": -21.1776315,
    "lon": -47.8100983
  },
  {
    "name": "Fab Lab Escola SESI",
    "ciudad": "São Bernardo do Campo",
    "estado": "SP",
    "lat": -23.7080345,
    "lon": -46.5506747
  },
  {
    "name": "Fab Lab Escola SESI",
    "ciudad": "São José do Rio Preto",
    "estado": "SP",
    "lat": -20.8125851,
    "lon": -49.3804212
  },
  {
    "name": "Fab Lab Escola SESI",
    "ciudad": "Sertãozinho",
    "estado": "SP",
    "lat": 41.398213,
    "lon": -83.646695
  },
  {
    "name": "Fab Lab Escola SESI",
    "ciudad": "Suzano",
    "estado": "SP",
    "lat": -23.5427842,
    "lon": -46.3108391
  },
  {
    "name": "Fab Lab Escola SESI",
    "ciudad": "Birigui",
    "estado": "SP",
    "lat": -21.2908491,
    "lon": -50.34144
  },
  {
    "name": "Fab Lab Escola SESI",
    "ciudad": "Cotia",
    "estado": "SP",
    "lat": -23.603889,
    "lon": -46.918889
  },
  {
    "name": "Fab Lab Escola SESI",
    "ciudad": "Mogi Guaçu",
    "estado": "SP",
    "lat": -22.372222,
    "lon": -46.9425
  },
  {
    "name": "Fab Lab Escola SESI",
    "ciudad": "São José dos Campos",
    "estado": "SP",
    "lat": -23.1867782,
    "lon": -45.8854538
  },
  {
    "name": "Fab Lab Escola SESI",
    "ciudad": "Tatuí",
    "estado": "SP",
    "lat": -23.3489848,
    "lon": -47.8490165
  },
  {
    "name": "Fab Lab Escola SESI - A.E. Carvalho",
    "ciudad": "São Paulo",
    "estado": "SP",
    "lat": -23.5506507,
    "lon": -46.6333824
  },
  {
    "name": "Fab Lab Escola SESI - Ipiranga",
    "ciudad": "São Paulo",
    "estado": "SP",
    "lat": 41.398213,
    "lon": -83.646695
  },
  {
    "name": "Fab Lab Escola SESI - Vila Leopoldina",
    "ciudad": "São Paulo",
    "estado": "SP",
    "lat": -23.5275027,
    "lon": -46.732947
  },
  {
    "name": "Fab LAB Facens",
    "ciudad": "Sorocaba",
    "estado": "SP",
    "lat": -23.4697164,
    "lon": -47.430307
  },
  {
    "name": "FAB LAB GAMT",
    "ciudad": "Caçapava",
    "estado": "SP",
    "lat": -23.099204,
    "lon": -45.707645
  },
  {
    "name": "FAB LAB IEMA",
    "ciudad": "São Luís",
    "estado": "MA",
    "lat": -2.5295265,
    "lon": -44.2963942
  },
  {
    "name": "Fab Lab Joinville",
    "ciudad": "Joinville",
    "estado": "SC",
    "lat": -26.30117735,
    "lon": -48.851032076113015
  },
  {
    "name": "Fab Lab Leonardo da Vinci",
    "ciudad": "Nova Lima",
    "estado": "MG",
    "lat": -19.9854089,
    "lon": -43.8470691
  },
  {
    "name": "FAB LAB LIVRE SP C.F.C. CIDADE TIRADENTES",
    "ciudad": "São Paulo",
    "estado": "SP",
    "lat": -23.5824973,
    "lon": -46.4092065
  },
  {
    "name": "FAB LAB LIVRE SP CASA DA memória Itaquera",
    "ciudad": "São Paulo",
    "estado": "SP",
    "lat": -23.5360799,
    "lon": -46.4555099
  },
  {
    "name": "FAB LAB LIVRE SP CENTRO CULTURAL DA Juventude",
    "ciudad": "São Paulo",
    "estado": "SP",
    "lat": -23.5506507,
    "lon": -46.6333824
  },
  {
    "name": "FAB LAB LIVRE SP CENTRO CULTURAL SP",
    "ciudad": "São Paulo",
    "estado": "SP",
    "lat": -23.5697804,
    "lon": -46.6399783
  },
  {
    "name": "FAB LAB LIVRE SP CEU Anhanguera",
    "ciudad": "São Paulo",
    "estado": "SP",
    "lat": -23.5506507,
    "lon": -46.6333824
  },
  {
    "name": "FAB LAB LIVRE SP CEU HELIÓPOLIS",
    "ciudad": "São Paulo",
    "estado": "SP",
    "lat": -23.5506507,
    "lon": -46.6333824
  },
  {
    "name": "FAB LAB LIVRE SP CEU TRÊS PONTES",
    "ciudad": "São Paulo",
    "estado": "SP",
    "lat": -23.5506507,
    "lon": -46.6333824
  },
  {
    "name": "FAB LAB LIVRE SP CHÁCARA DO JOCKEY",
    "ciudad": "São Paulo",
    "estado": "SP",
    "lat": -23.5506507,
    "lon": -46.6333824
  },
  {
    "name": "FAB LAB LIVRE SP GALERIA OLIDO",
    "ciudad": "São Paulo",
    "estado": "SP",
    "lat": -23.5506507,
    "lon": -46.6333824
  },
  {
    "name": "FAB LAB LIVRE SP SÃO Joaquim",
    "ciudad": "São Paulo",
    "estado": "SP",
    "lat": -23.5506507,
    "lon": -46.6333824
  },
  {
    "name": "FAB LAB LIVRE SP VILA ITORORÓ",
    "ciudad": "São Paulo",
    "estado": "SP",
    "lat": -23.671503,
    "lon": -46.551978
  },
  {
    "name": "FAB LAB LIVRE SP VILA RUBI",
    "ciudad": "São Paulo",
    "estado": "SP",
    "lat": -23.5506507,
    "lon": -46.6333824
  },
  {
    "name": "Fab Lab Manaus",
    "ciudad": "Manaus",
    "estado": "AM",
    "lat": -3.1316333,
    "lon": -59.9825041
  },
  {
    "name": "Fab Lab Móvel Mauá",
    "ciudad": "São Caetano do Sul",
    "estado": "SP",
    "lat": -23.6669527,
    "lon": -46.4616922
  },
  {
    "name": "Fab LAB Newton",
    "ciudad": "Belo Horizonte",
    "estado": "MG",
    "lat": 41.398213,
    "lon": -83.646695
  },
  {
    "name": "FAB LAB ODONTO",
    "ciudad": "São Paulo",
    "estado": "SP",
    "lat": -23.5506507,
    "lon": -46.6333824
  },
  {
    "name": "Fab Lab Passo Fundo",
    "ciudad": "Passo Fundo",
    "estado": "RS",
    "lat": -28.2550598,
    "lon": -52.3966606
  },
  {
    "name": "Fab Lab Recife",
    "ciudad": "Recife",
    "estado": "PE",
    "lat": -8.0584933,
    "lon": -34.8848193
  },
  {
    "name": "FAB LAB RIO",
    "ciudad": "Rio de Janeiro",
    "estado": "RJ",
    "lat": -22.9110137,
    "lon": -43.2093727
  },
  {
    "name": "Fab Lab THE",
    "ciudad": "Teresina",
    "estado": "PI",
    "lat": -5.0874608,
    "lon": -42.8049571
  },
  {
    "name": "Fab Lab Uniara",
    "ciudad": "Araraquara",
    "estado": "SP",
    "lat": -21.7886713,
    "lon": -48.1773096
  },
  {
    "name": "Fab Lab Unipam",
    "ciudad": "Patos de Minas",
    "estado": "MG",
    "lat": -18.6041453,
    "lon": -46.5096698
  },
  {
    "name": "fab lab.au - UFMT",
    "ciudad": "Cuiabá",
    "estado": "MT",
    "lat": -15.61059675,
    "lon": -56.06494665142789
  },
  {
    "name": "FabLAB amadomaker UPF",
    "ciudad": "Passo Fundo",
    "estado": "RS",
    "lat": -28.2550598,
    "lon": -52.3966606
  },
  {
    "name": "FabLab Castanheiras",
    "ciudad": "Santana de Parnaiba",
    "estado": "SP",
    "lat": -23.4446715,
    "lon": -46.9167722
  },
  {
    "name": "FabLab Cuiabá",
    "ciudad": "Sorocaba",
    "estado": "SP",
    "lat": -23.5003451,
    "lon": -47.4582864
  },
  {
    "name": "FabLab Escola Concept RAO",
    "ciudad": "Ribeirão Preto",
    "estado": "SP",
    "lat": -21.1776315,
    "lon": -47.8100983
  },
  {
    "name": "FabLab Escola Concept SP",
    "ciudad": "São Paulo",
    "estado": "SP",
    "lat": -23.5506507,
    "lon": -46.6333824
  },
  {
    "name": "FabLab Escola Concept SSA",
    "ciudad": "Salvador",
    "estado": "BA",
    "lat": -12.9822499,
    "lon": -38.4812772
  },
  {
    "name": "FabLab Escola SESI",
    "ciudad": "Sorocaba",
    "estado": "SP",
    "lat": -23.5003451,
    "lon": -47.4582864
  },
  {
    "name": "Fablab FHA",
    "ciudad": "Ibirité",
    "estado": "MG",
    "lat": -20.0214251,
    "lon": -44.0621506
  },
  {
    "name": "Fablab Firjan CR Cinema e Audiovisual",
    "ciudad": "Rio de Janeiro",
    "estado": "RJ",
    "lat": -22.9110137,
    "lon": -43.2093727
  },
  {
    "name": "FabLab IFMaker",
    "ciudad": "Palmas",
    "estado": "TO",
    "lat": -10.1837852,
    "lon": -48.3336423
  },
  {
    "name": "Fablab ITA",
    "ciudad": "Itabuna",
    "estado": "BA",
    "lat": -14.793173,
    "lon": -39.2750341
  },
  {
    "name": "Fablab Jundiaí",
    "ciudad": "Jundiaí",
    "estado": "SP",
    "lat": -23.1947417,
    "lon": -46.8724229
  },
  {
    "name": "FabLab Mauá",
    "ciudad": "São Caetano do Sul",
    "estado": "SP",
    "lat": -23.64748625,
    "lon": -46.57596869797468
  },
  {
    "name": "FabLab PTS - Parque Tecnológico de Sorocaba",
    "ciudad": "Sorocaba",
    "estado": "SP",
    "lat": -23.5003451,
    "lon": -47.4582864
  },
  {
    "name": "FabLab Senai-UEMS",
    "ciudad": "Dourados",
    "estado": "MS",
    "lat": -22.2206145,
    "lon": -54.812208
  },
  {
    "name": "FabLab Sinergia",
    "ciudad": "Navegantes",
    "estado": "SC",
    "lat": -26.8898813,
    "lon": -48.6495828
  },
  {
    "name": "Fablab UFPB",
    "ciudad": "Joao Pessoa",
    "estado": "PB",
    "lat": -7.1373107,
    "lon": -34.8473135
  },
  {
    "name": "FABLAB UNIFAP (Garagemlab)",
    "ciudad": "Juazeiro do Norte",
    "estado": "CE",
    "lat": -7.2153453,
    "lon": -39.3153336
  },
  {
    "name": "Fablab Unilasalle",
    "ciudad": "Canoas",
    "estado": "RS",
    "lat": -29.9174,
    "lon": -51.180005
  },
  {
    "name": "FabLab Unisinos POA",
    "ciudad": "Porto Alegre",
    "estado": "RS",
    "lat": -30.0324999,
    "lon": -51.2303767
  },
  {
    "name": "Fabulosa Lab",
    "ciudad": "Rio de Janeiro",
    "estado": "RJ",
    "lat": -22.9110137,
    "lon": -43.2093727
  },
  {
    "name": "Farol da Criatividade FabLab",
    "ciudad": "São Leopoldo",
    "estado": "RS",
    "lat": -29.7544405,
    "lon": -51.1516497
  },
  {
    "name": "Firjan SENAI",
    "ciudad": "Niterói",
    "estado": "RJ",
    "lat": -22.893955650000002,
    "lon": -43.12211535691971
  },
  {
    "name": "FUNDAÇÃO PARQUE TECNOLÓGICO DE SANTOS",
    "ciudad": "Santos",
    "estado": "SP",
    "lat": -23.9335988,
    "lon": -46.3286399
  },
  {
    "name": "GAROA HACKER CLUBE",
    "ciudad": "São Paulo",
    "estado": "SP",
    "lat": -23.5650091,
    "lon": -46.6991431
  },
  {
    "name": "GRUPO NÓS DO MORRO",
    "ciudad": "Rio de Janeiro",
    "estado": "RJ",
    "lat": -22.9110137,
    "lon": -43.2093727
  },
  {
    "name": "Hackerspace IFUSP",
    "ciudad": "São Paulo",
    "estado": "SP",
    "lat": -23.56089,
    "lon": -46.734207
  },
  {
    "name": "Hackerspace Maringá",
    "ciudad": "Maringá",
    "estado": "PR",
    "lat": -23.419017,
    "lon": -51.925544
  },
  {
    "name": "HackoonSpace",
    "ciudad": "Sorocaba",
    "estado": "SP",
    "lat": -23.5003451,
    "lon": -47.4582864
  },
  {
    "name": "IdeaLab",
    "ciudad": "Farroupilha",
    "estado": "RS",
    "lat": -29.22647,
    "lon": -51.3468188
  },
  {
    "name": "iFabLab - Ambiente de Inovação IFMG campus Ouro Preto",
    "ciudad": "Ouro Preto",
    "estado": "MG",
    "lat": -20.385527,
    "lon": -43.5035214
  },
  {
    "name": "INSTITUTO CRIAR",
    "ciudad": "São Paulo",
    "estado": "SP",
    "lat": -23.5506507,
    "lon": -46.6333824
  },
  {
    "name": "INSTITUTO VOLUSIANO",
    "ciudad": "São Paulo",
    "estado": "SP",
    "lat": -23.5506507,
    "lon": -46.6333824
  },
  {
    "name": "INTELLECTX TECNOLOGIA",
    "ciudad": "Balneário Camboriú",
    "estado": "SC",
    "lat": -26.9924395,
    "lon": -48.6339782
  },
  {
    "name": "JARDIM DIGITAL",
    "ciudad": "Rio de Janeiro",
    "estado": "RJ",
    "lat": -22.982427,
    "lon": -43.214714
  },
  {
    "name": "Lab Maker Living Lab",
    "ciudad": "Campo Grande",
    "estado": "MS",
    "lat": -20.4640173,
    "lon": -54.6162947
  },
  {
    "name": "LabHacker Cámara de los Diputados",
    "ciudad": "Brasília",
    "estado": "DF",
    "lat": 1.8843821,
    "lon": 9.794337891283035
  },
  {
    "name": "Laboratório Aberto SENAI FIEMG",
    "ciudad": "Belo Horizonte",
    "estado": "MG",
    "lat": -19.9227318,
    "lon": -43.9450948
  },
  {
    "name": "Laboratório de Fabricação Digital (LFD)",
    "ciudad": "Blumenau",
    "estado": "SC",
    "lat": -26.9195567,
    "lon": -49.0658025
  },
  {
    "name": "Laboratório Hacker de Campinas (LHC)",
    "ciudad": "Campinas",
    "estado": "SP",
    "lat": -22.9178033,
    "lon": -47.0524533
  },
  {
    "name": "LIFE Laboratório de Inovação e Fabricação Digital da Escola de Engenharia",
    "ciudad": "Porto Alegre",
    "estado": "RS",
    "lat": -30.0324999,
    "lon": -51.2303767
  },
  {
    "name": "Mackenzie",
    "ciudad": "Campinas",
    "estado": "SP",
    "lat": -22.8849222,
    "lon": -47.06813708780621
  },
  {
    "name": "MAPAS CULTURAIS",
    "ciudad": "São Paulo",
    "estado": "SP",
    "lat": -23.5506507,
    "lon": -46.6333824
  },
  {
    "name": "Maria Felipa LAB",
    "ciudad": "Salvador",
    "estado": "BA",
    "lat": -12.9898062,
    "lon": -38.51606982642676
  },
  {
    "name": "Marialab",
    "ciudad": "São Paulo",
    "estado": "SP",
    "lat": -23.5506507,
    "lon": -46.6333824
  },
  {
    "name": "MateHackers",
    "ciudad": "Porto Alegre",
    "estado": "RS",
    "lat": -30.0198193,
    "lon": -51.2091497
  },
  {
    "name": "MIDIA NINJA",
    "ciudad": "São Paulo",
    "estado": "SP",
    "lat": -23.6841365,
    "lon": -46.75791255292448
  },
  {
    "name": "O SOM DAS COMUNIDADES",
    "ciudad": "Rio de Janeiro",
    "estado": "RJ",
    "lat": -22.9110137,
    "lon": -43.2093727
  },
  {
    "name": "OLABI",
    "ciudad": "Rio de Janeiro",
    "estado": "RJ",
    "lat": -22.853627,
    "lon": -43.3831799
  },
  {
    "name": "Padlab",
    "ciudad": "Fortaleza",
    "estado": "CE",
    "lat": -3.7476065,
    "lon": -38.5729941
  },
  {
    "name": "PE²/ Plasma",
    "ciudad": "Campinas",
    "estado": "SP",
    "lat": -22.9056391,
    "lon": -47.059564
  },
  {
    "name": "POALAB",
    "ciudad": "Porto Alegre",
    "estado": "RS",
    "lat": -30.0324999,
    "lon": -51.2303767
  },
  {
    "name": "PONTO DE CULTURA FAZENDO A DIFERENÇA EM PAQUETÁ",
    "ciudad": "Rio de Janeiro",
    "estado": "RJ",
    "lat": -22.9110137,
    "lon": -43.2093727
  },
  {
    "name": "PROGRAMA VOCACIONAL",
    "ciudad": "São Paulo",
    "estado": "SP",
    "lat": -23.5506507,
    "lon": -46.6333824
  },
  {
    "name": "PROJETO ROBÔ DA ALEGRIA",
    "ciudad": "Santos",
    "estado": "SP",
    "lat": -23.9335988,
    "lon": -46.3286399
  },
  {
    "name": "PRONTO3D",
    "ciudad": "Florianópolis",
    "estado": "SC",
    "lat": -27.5973002,
    "lon": -48.5496098
  },
  {
    "name": "Pronto3D Unochapecó",
    "ciudad": "Chapecó",
    "estado": "SC",
    "lat": -27.0945069,
    "lon": -52.65948934891852
  },
  {
    "name": "Quitanda FabLab",
    "ciudad": "Barreiras",
    "estado": "BA",
    "lat": -13.0050446,
    "lon": -41.3731812
  },
  {
    "name": "Raul Hacker Club",
    "ciudad": "Salvador",
    "estado": "BA",
    "lat": -13.0108623,
    "lon": -38.4855969
  },
  {
    "name": "Rio Maker Space",
    "ciudad": "Rio de Janeiro",
    "estado": "RJ",
    "lat": -22.9110137,
    "lon": -43.2093727
  },
  {
    "name": "SENAI LAB CETEC",
    "ciudad": "Palmas",
    "estado": "TO",
    "lat": -10.1837852,
    "lon": -48.3336423
  },
  {
    "name": "SEPETIBA QUE ME ENCANTA",
    "ciudad": "Rio de Janeiro",
    "estado": "RJ",
    "lat": -22.9110137,
    "lon": -43.2093727
  },
  {
    "name": "SHC - Santos Hacker Clube",
    "ciudad": "Santos",
    "estado": "SP",
    "lat": -23.9335988,
    "lon": -46.3286399
  },
  {
    "name": "Smart Mall",
    "ciudad": "Sorocaba",
    "estado": "SP",
    "lat": -23.5003451,
    "lon": -47.4582864
  },
  {
    "name": "SOCIAL GOOD BRASIL",
    "ciudad": "São Paulo",
    "estado": "SP",
    "lat": -23.6717693,
    "lon": -46.51056525966421
  },
  {
    "name": "Sucuri Hacker Club",
    "ciudad": "Campo Grande",
    "estado": "MS",
    "lat": -20.4640173,
    "lon": -54.6162947
  },
  {
    "name": "Tarrafa Hacker Clube",
    "ciudad": "Florianópolis",
    "estado": "SC",
    "lat": -27.6022367,
    "lon": -48.5182861
  },
  {
    "name": "TECNOPUC FabLab - FreeZone",
    "ciudad": "Porto Alegre",
    "estado": "RS",
    "lat": -30.0324999,
    "lon": -51.2303767
  },
  {
    "name": "Thomas Maker",
    "ciudad": "Brasilia",
    "estado": "DF",
    "lat": 15.5906031,
    "lon": 73.8153985
  },
  {
    "name": "Tiradentes Fab Lab",
    "ciudad": "Aracaju",
    "estado": "SE",
    "lat": -10.9162061,
    "lon": -37.0774655
  },
  {
    "name": "UNIP Fab Lab",
    "ciudad": "São Paulo",
    "estado": "SP",
    "lat": -23.5506507,
    "lon": -46.6333824
  },
  {
    "name": "Usina Fab Lab",
    "ciudad": "Porto Alegre",
    "estado": "RS",
    "lat": -30.0324999,
    "lon": -51.2303767
  },
  {
    "name": "VIRAÇÃO",
    "ciudad": "São Paulo",
    "estado": "SP",
    "lat": -23.547955,
    "lon": -46.63494
  },
  {
    "name": "WIFI LIVRE SP",
    "ciudad": "São Paulo",
    "estado": "SP",
    "lat": -23.5506507,
    "lon": -46.6333824
  }
]